{"cameraMode":{"drawMode":0,"name":"Shaded","section":"Shading Mode"},"sceneLighting":true,"audioPlay":false,"sceneViewState":{"m_AlwaysRefresh":false,"showFog":true,"showSkybox":true,"showFlares":true,"showImageEffects":true,"showParticleSystems":true,"showVisualEffectGraphs":true,"m_FxEnabled":true},"in2DMode":false,"pivot":{"x":3.4746696949005129,"y":-3.4129867553710939,"z":2.108264923095703},"rotation":{"x":0.1689840704202652,"y":0.011823000386357308,"z":-0.002027494367212057,"w":0.9855542778968811},"size":11.953532218933106,"orthographic":false}